user_id,recency,frequency,monetary,R,F,M,RFM_Score,segment
16,156,6984,10862701.06,4,1,1,411,Лояльные клиенты
17,146,32,54636.89,3,3,3,333,Нужно вовлекать
18,156,20,32943.82,4,4,4,444,Нужно вовлекать
19,156,28,41458.78,4,4,4,444,Нужно вовлекать
20,134,47,69977.05,2,1,2,212,Лояльные клиенты
21,118,34,55812.3,1,3,3,133,Недавние клиенты
22,142,35,46119.19,3,3,4,334,Нужно вовлекать
23,147,36,56512.25,3,3,3,333,Нужно вовлекать
24,148,31,45845.270000000004,3,4,4,344,Нужно вовлекать
25,149,40,58013.43,4,2,3,423,Нужно вовлекать
26,144,42,63410.35,3,2,2,322,Нужно вовлекать
27,147,63,101219.27,3,1,1,311,Лояльные клиенты
28,152,38,61494.82,4,3,2,432,Нужно вовлекать
29,154,46,62726.15,4,2,2,422,Нужно вовлекать
30,148,59,88853.85,3,1,1,311,Лояльные клиенты
31,117,43,70343.9,1,2,2,122,Недавние клиенты
32,117,32,49593.89,1,3,3,133,Недавние клиенты
33,134,27,35994.82,2,4,4,244,Нужно вовлекать
34,149,40,63585.12,4,2,2,422,Нужно вовлекать
35,134,40,61699.98,2,2,2,222,Нужно вовлекать
36,150,22,40714.2,4,4,4,444,Нужно вовлекать
37,155,58,87965.27,4,1,1,411,Лояльные клиенты
38,78,26,41846.87,1,4,4,144,Недавние клиенты
39,116,49,84274.51,1,1,1,111,Лучшие клиенты
40,124,47,74721.3,2,1,1,211,Лояльные клиенты
41,123,30,49652.34,2,4,3,243,Нужно вовлекать
42,149,43,70911.43,4,2,2,422,Нужно вовлекать
43,141,43,64502.83,3,2,2,322,Нужно вовлекать
44,122,24,30209.53,2,4,4,244,Нужно вовлекать
45,69,13,27986.57,1,4,4,144,Недавние клиенты
46,147,44,53409.64,3,2,3,323,Нужно вовлекать
47,138,39,59834.47,3,2,2,322,Нужно вовлекать
48,156,36,60286.130000000005,4,3,2,432,Нужно вовлекать
49,93,33,51769.42,1,3,3,133,Недавние клиенты
50,154,55,94194.2,4,1,1,411,Лояльные клиенты
51,155,37,56253.05,4,3,3,433,Нужно вовлекать
52,90,27,35629.59,1,4,4,144,Недавние клиенты
53,136,50,77036.08,2,1,1,211,Лояльные клиенты
54,144,36,49818.53,3,3,3,333,Нужно вовлекать
55,150,63,91327.74,4,1,1,411,Лояльные клиенты
56,135,42,74992.08,2,2,1,221,Платящие клиенты
57,105,48,77265.21,1,1,1,111,Лучшие клиенты
58,105,50,88838.63,1,1,1,111,Лучшие клиенты
59,136,50,71304.02,2,1,2,212,Лояльные клиенты
60,109,38,50011.44,1,3,3,133,Недавние клиенты
61,140,38,60453.45,3,3,2,332,Нужно вовлекать
62,149,29,44502.28,4,4,4,444,Нужно вовлекать
63,143,49,72854.18000000001,3,1,2,312,Лояльные клиенты
64,147,48,76931.95,3,1,1,311,Лояльные клиенты
65,122,34,49248.85,2,3,3,233,Нужно вовлекать
66,115,32,51051.84,1,3,3,133,Недавние клиенты
67,93,16,19967.61,1,4,4,144,Недавние клиенты
68,145,29,46524.67,3,4,4,344,Нужно вовлекать
69,131,64,90159.44,2,1,1,211,Лояльные клиенты
70,130,28,47502.090000000004,2,4,3,243,Нужно вовлекать
71,94,33,57244.32,1,3,3,133,Недавние клиенты
72,110,35,51042.72,1,3,3,133,Недавние клиенты
73,91,30,44653.61,1,4,4,144,Недавние клиенты
74,131,40,63718.16,2,2,2,222,Нужно вовлекать
75,149,24,38272.66,4,4,4,444,Нужно вовлекать
76,120,42,54137.090000000004,2,2,3,223,Нужно вовлекать
77,116,56,94807.33,1,1,1,111,Лучшие клиенты
78,139,45,75625.01,3,2,1,321,Платящие клиенты
79,108,49,89532.07,1,1,1,111,Лучшие клиенты
80,142,65,101676.67,3,1,1,311,Лояльные клиенты
81,147,52,76858.05,3,1,1,311,Лояльные клиенты
82,152,47,72996.26,4,1,2,412,Лояльные клиенты
83,130,58,82371.71,2,1,1,211,Лояльные клиенты
84,120,43,65019.43,2,2,2,222,Нужно вовлекать
85,117,32,46335.69,1,3,4,134,Недавние клиенты
86,124,42,52213.74,2,2,3,223,Нужно вовлекать
87,133,49,85552.23,2,1,1,211,Лояльные клиенты
88,148,32,55269.07,3,3,3,333,Нужно вовлекать
89,110,49,81800.62,1,1,1,111,Лучшие клиенты
90,143,27,41172.89,3,4,4,344,Нужно вовлекать
91,156,20,28652.24,4,4,4,444,Нужно вовлекать
92,121,37,51054.31,2,3,3,233,Нужно вовлекать
93,40,25,49645.92,1,4,3,143,Недавние клиенты
94,152,62,99394.59,4,1,1,411,Лояльные клиенты
95,127,77,125956.27,2,1,1,211,Лояльные клиенты
96,75,48,74731.94,1,1,1,111,Лучшие клиенты
97,145,38,48967.18,3,3,3,333,Нужно вовлекать
98,136,21,23851.47,2,4,4,244,Нужно вовлекать
99,123,62,76553.64,2,1,1,211,Лояльные клиенты
100,151,45,60867.66,4,2,2,422,Нужно вовлекать
101,135,44,66760.4,2,2,2,222,Нужно вовлекать
102,139,36,54830.06,3,3,3,333,Нужно вовлекать
103,148,19,34446.38,3,4,4,344,Нужно вовлекать
104,154,48,72142.12,4,1,2,412,Лояльные клиенты
105,72,29,45538.52,1,4,4,144,Недавние клиенты
106,150,57,82122.04,4,1,1,411,Лояльные клиенты
107,148,51,82609.14,3,1,1,311,Лояльные клиенты
108,94,34,50297.97,1,3,3,133,Недавние клиенты
109,112,28,46329.76,1,4,4,144,Недавние клиенты
110,111,47,79563.14,1,1,1,111,Лучшие клиенты
111,144,33,56554.61,3,3,3,333,Нужно вовлекать
112,57,34,44177.14,1,3,4,134,Недавние клиенты
113,147,29,51333.54,3,4,3,343,Нужно вовлекать
114,132,43,58223.369999999995,2,2,3,223,Нужно вовлекать
115,154,54,84498.74,4,1,1,411,Лояльные клиенты
116,154,43,76058.64,4,2,1,421,Платящие клиенты
117,134,39,66671.6,2,2,2,222,Нужно вовлекать
118,145,15,16543.47,3,4,4,344,Нужно вовлекать
119,155,34,52612.83,4,3,3,433,Нужно вовлекать
120,137,62,102267.83,2,1,1,211,Лояльные клиенты
121,149,24,26199.33,4,4,4,444,Нужно вовлекать
122,117,32,48602.36,1,3,3,133,Недавние клиенты
123,103,49,78888.48,1,1,1,111,Лучшие клиенты
124,132,38,61727.549999999996,2,3,2,232,Нужно вовлекать
125,134,36,63582.92,2,3,2,232,Нужно вовлекать
126,150,33,52939.08,4,3,3,433,Нужно вовлекать
127,137,24,33284.05,2,4,4,244,Нужно вовлекать
128,140,34,54384.06,3,3,3,333,Нужно вовлекать
129,133,29,45094.07,2,4,4,244,Нужно вовлекать
130,151,37,55955.18,4,3,3,433,Нужно вовлекать
131,109,34,53992.43,1,3,3,133,Недавние клиенты
132,131,40,55125.11,2,2,3,223,Нужно вовлекать
133,152,54,77619.66,4,1,1,411,Лояльные клиенты
134,154,38,53736.72,4,3,3,433,Нужно вовлекать
135,118,50,64951.3,1,1,2,112,Недавние клиенты
136,119,20,31488.239999999998,2,4,4,244,Нужно вовлекать
137,151,35,50187.840000000004,4,3,3,433,Нужно вовлекать
138,64,20,34711.86,1,4,4,144,Недавние клиенты
139,139,36,61855.56,3,3,2,332,Нужно вовлекать
140,98,49,83616.86,1,1,1,111,Лучшие клиенты
141,150,36,52874.57,4,3,3,433,Нужно вовлекать
142,128,33,41786.29,2,3,4,234,Нужно вовлекать
143,124,17,22356.87,2,4,4,244,Нужно вовлекать
144,114,28,44922.07,1,4,4,144,Недавние клиенты
145,135,25,37648.13,2,4,4,244,Нужно вовлекать
146,156,44,69785.7,4,2,2,422,Нужно вовлекать
147,126,29,49455.71,2,4,3,243,Нужно вовлекать
148,145,41,77045.06,3,2,1,321,Платящие клиенты
149,128,49,87791.89,2,1,1,211,Лояльные клиенты
150,125,40,61851.83,2,2,2,222,Нужно вовлекать
151,152,39,50711.27,4,2,3,423,Нужно вовлекать
152,20,32,49804.34,1,3,3,133,Недавние клиенты
153,151,68,79730.55,4,1,1,411,Лояльные клиенты
154,148,40,60036.07,3,2,2,322,Нужно вовлекать
155,144,49,71792.91,3,1,2,312,Лояльные клиенты
156,96,29,49018.25,1,4,3,143,Недавние клиенты
157,103,29,46597.799999999996,1,4,4,144,Недавние клиенты
158,144,39,51375.82,3,2,3,323,Нужно вовлекать
159,144,37,46372.18,3,3,4,334,Нужно вовлекать
160,122,34,49711.15,2,3,3,233,Нужно вовлекать
161,106,45,61014.07,1,2,2,122,Недавние клиенты
162,145,41,67553.57,3,2,2,322,Нужно вовлекать
163,142,45,81236.39,3,2,1,321,Платящие клиенты
164,121,33,56044.71,2,3,3,233,Нужно вовлекать
165,108,48,85788.57,1,1,1,111,Лучшие клиенты
166,105,39,65246.99,1,2,2,122,Недавние клиенты
167,156,34,59838.6,4,3,2,432,Нужно вовлекать
168,144,43,69075.28,3,2,2,322,Нужно вовлекать
169,78,31,48056.68,1,4,3,143,Недавние клиенты
170,154,34,54440.62,4,3,3,433,Нужно вовлекать
171,145,21,40266.73,3,4,4,344,Нужно вовлекать
172,142,26,36531.88,3,4,4,344,Нужно вовлекать
173,146,36,69596.45,3,3,2,332,Нужно вовлекать
174,133,17,19720.920000000002,2,4,4,244,Нужно вовлекать
175,125,47,76643.55,2,1,1,211,Лояльные клиенты
176,137,55,73523.0,2,1,1,211,Лояльные клиенты
177,137,41,71855.24,2,2,2,222,Нужно вовлекать
178,120,40,46405.979999999996,2,2,4,224,Нужно вовлекать
179,137,37,57035.6,2,3,3,233,Нужно вовлекать
180,145,37,59597.28,3,3,2,332,Нужно вовлекать
181,149,28,40985.46,4,4,4,444,Нужно вовлекать
182,128,30,36117.62,2,4,4,244,Нужно вовлекать
183,140,47,91764.51,3,1,1,311,Лояльные клиенты
184,152,38,57826.88,4,3,3,433,Нужно вовлекать
185,137,70,111073.14,2,1,1,211,Лояльные клиенты
186,144,42,68147.01,3,2,2,322,Нужно вовлекать
187,141,50,74068.23,3,1,1,311,Лояльные клиенты
188,153,48,72788.91,4,1,2,412,Лояльные клиенты
189,134,34,56846.31,2,3,3,233,Нужно вовлекать
190,144,45,76673.12,3,2,1,321,Платящие клиенты
191,154,33,47654.520000000004,4,3,3,433,Нужно вовлекать
192,124,53,78469.01,2,1,1,211,Лояльные клиенты
193,123,39,56963.52,2,2,3,223,Нужно вовлекать
194,147,37,57154.19,3,3,3,333,Нужно вовлекать
195,142,41,59335.53,3,2,2,322,Нужно вовлекать
196,121,36,56865.71,2,3,3,233,Нужно вовлекать
197,154,30,40264.07,4,4,4,444,Нужно вовлекать
198,107,38,69768.77,1,3,2,132,Недавние клиенты
199,151,27,41947.38,4,4,4,444,Нужно вовлекать
200,125,19,26457.0,2,4,4,244,Нужно вовлекать
201,119,46,73749.36,2,2,1,221,Платящие клиенты
202,124,37,57781.91,2,3,3,233,Нужно вовлекать
203,144,34,47390.74,3,3,3,333,Нужно вовлекать
204,118,25,40335.59,1,4,4,144,Недавние клиенты
205,112,30,42923.76,1,4,4,144,Недавние клиенты
206,108,42,65377.659999999996,1,2,2,122,Недавние клиенты
207,140,22,31954.67,3,4,4,344,Нужно вовлекать
208,143,27,33426.84,3,4,4,344,Нужно вовлекать
209,130,26,35932.43,2,4,4,244,Нужно вовлекать
210,93,31,44112.58,1,4,4,144,Недавние клиенты
211,155,34,59283.59,4,3,2,432,Нужно вовлекать
212,155,34,57287.46,4,3,3,433,Нужно вовлекать
213,142,29,59593.229999999996,3,4,2,342,Нужно вовлекать
214,147,55,88092.95,3,1,1,311,Лояльные клиенты
215,135,35,53894.97,2,3,3,233,Нужно вовлекать
216,152,57,85831.31999999999,4,1,1,411,Лояльные клиенты
217,145,36,63530.38,3,3,2,332,Нужно вовлекать
218,119,67,105120.43,2,1,1,211,Лояльные клиенты
219,156,27,46626.94,4,4,4,444,Нужно вовлекать
220,155,39,53289.54,4,2,3,423,Нужно вовлекать
221,152,30,47817.82,4,4,3,443,Нужно вовлекать
222,156,33,42329.46,4,3,4,434,Нужно вовлекать
223,139,34,49341.1,3,3,3,333,Нужно вовлекать
224,156,31,44890.14,4,4,4,444,Нужно вовлекать
225,93,24,37579.17,1,4,4,144,Недавние клиенты
226,120,49,73884.20999999999,2,1,1,211,Лояльные клиенты
227,82,31,50344.86,1,4,3,143,Недавние клиенты
228,151,48,68125.95,4,1,2,412,Лояльные клиенты
229,154,56,93671.06999999999,4,1,1,411,Лояльные клиенты
230,110,31,55843.35,1,4,3,143,Недавние клиенты
231,110,35,63003.85,1,3,2,132,Недавние клиенты
232,147,32,54242.11,3,3,3,333,Нужно вовлекать
233,84,36,47311.090000000004,1,3,3,133,Недавние клиенты
234,77,45,56305.22,1,2,3,123,Недавние клиенты
235,154,62,95202.92,4,1,1,411,Лояльные клиенты
236,151,41,65686.85,4,2,2,422,Нужно вовлекать
237,91,31,51670.71,1,4,3,143,Недавние клиенты
238,129,21,29510.28,2,4,4,244,Нужно вовлекать
239,144,23,36266.91,3,4,4,344,Нужно вовлекать
240,153,49,70099.43,4,1,2,412,Лояльные клиенты
241,143,33,46677.97,3,3,4,334,Нужно вовлекать
242,147,44,67132.45,3,2,2,322,Нужно вовлекать
243,144,48,60822.5,3,1,2,312,Лояльные клиенты
244,151,64,106459.34,4,1,1,411,Лояльные клиенты
245,88,30,43682.86,1,4,4,144,Недавние клиенты
246,140,47,66117.51,3,1,2,312,Лояльные клиенты
247,128,33,54093.58,2,3,3,233,Нужно вовлекать
248,133,30,42935.33,2,4,4,244,Нужно вовлекать
249,138,61,103411.07,3,1,1,311,Лояльные клиенты
250,145,26,47406.88,3,4,3,343,Нужно вовлекать
251,140,37,64923.2,3,3,2,332,Нужно вовлекать
252,147,36,56711.91,3,3,3,333,Нужно вовлекать
253,116,42,76181.5,1,2,1,121,Недавние клиенты
254,152,16,33928.61,4,4,4,444,Нужно вовлекать
255,98,43,68829.7,1,2,2,122,Недавние клиенты
256,155,32,65331.68,4,3,2,432,Нужно вовлекать
257,141,60,103866.59,3,1,1,311,Лояльные клиенты
258,153,36,60257.31,4,3,2,432,Нужно вовлекать
259,148,41,71358.84,3,2,2,322,Нужно вовлекать
260,142,45,64299.979999999996,3,2,2,322,Нужно вовлекать
261,138,30,40683.86,3,4,4,344,Нужно вовлекать
262,135,47,85812.4,2,1,1,211,Лояльные клиенты
263,115,24,38438.87,1,4,4,144,Недавние клиенты
264,145,37,54507.42,3,3,3,333,Нужно вовлекать
265,150,52,86017.38,4,1,1,411,Лояльные клиенты
266,121,47,79386.51,2,1,1,211,Лояльные клиенты
267,130,42,68962.33,2,2,2,222,Нужно вовлекать
268,147,34,56697.71,3,3,3,333,Нужно вовлекать
269,129,47,75230.58,2,1,1,211,Лояльные клиенты
270,151,43,75827.37,4,2,1,421,Платящие клиенты
271,127,53,85922.77,2,1,1,211,Лояльные клиенты
272,148,40,62506.45,3,2,2,322,Нужно вовлекать
273,127,56,94423.67,2,1,1,211,Лояльные клиенты
274,153,42,66430.53,4,2,2,422,Нужно вовлекать
275,98,33,50896.67,1,3,3,133,Недавние клиенты
276,154,36,55786.61,4,3,3,433,Нужно вовлекать
277,149,24,51094.5,4,4,3,443,Нужно вовлекать
278,97,34,64449.659999999996,1,3,2,132,Недавние клиенты
279,151,41,74671.04,4,2,1,421,Платящие клиенты
280,145,58,75221.13,3,1,1,311,Лояльные клиенты
281,141,46,70762.68000000001,3,2,2,322,Нужно вовлекать
282,151,65,93222.13,4,1,1,411,Лояльные клиенты
283,103,24,41407.03,1,4,4,144,Недавние клиенты
284,128,63,88990.88,2,1,1,211,Лояльные клиенты
285,156,39,63050.61,4,2,2,422,Нужно вовлекать
286,133,29,39032.98,2,4,4,244,Нужно вовлекать
287,137,43,56885.2,2,2,3,223,Нужно вовлекать
288,67,36,74987.8,1,3,1,131,Недавние клиенты
289,146,50,70915.68,3,1,2,312,Лояльные клиенты
290,138,40,68143.49,3,2,2,322,Нужно вовлекать
291,109,26,31755.59,1,4,4,144,Недавние клиенты
292,155,54,77508.81,4,1,1,411,Лояльные клиенты
293,93,54,99356.02,1,1,1,111,Лучшие клиенты
294,124,46,62032.36,2,2,2,222,Нужно вовлекать
295,121,42,48948.83,2,2,3,223,Нужно вовлекать
296,98,29,43008.25,1,4,4,144,Недавние клиенты
297,138,41,62831.04,3,2,2,322,Нужно вовлекать
298,146,39,60181.93,3,2,2,322,Нужно вовлекать
299,77,30,37418.14,1,4,4,144,Недавние клиенты
300,152,54,86028.7,4,1,1,411,Лояльные клиенты
301,16,22,35202.2,1,4,4,144,Недавние клиенты
302,139,24,34993.32,3,4,4,344,Нужно вовлекать
303,138,29,31607.239999999998,3,4,4,344,Нужно вовлекать
304,145,48,72122.98,3,1,2,312,Лояльные клиенты
305,138,44,85065.07,3,2,1,321,Платящие клиенты
306,153,47,69938.49,4,1,2,412,Лояльные клиенты
307,151,22,35665.7,4,4,4,444,Нужно вовлекать
308,122,28,39387.52,2,4,4,244,Нужно вовлекать
309,153,42,63285.25,4,2,2,422,Нужно вовлекать
310,80,38,60029.01,1,3,2,132,Недавние клиенты
311,144,47,87064.95,3,1,1,311,Лояльные клиенты
312,113,42,69723.82,1,2,2,122,Недавние клиенты
313,139,46,74788.29,3,2,1,321,Платящие клиенты
314,108,30,46434.12,1,4,4,144,Недавние клиенты
315,101,20,25519.52,1,4,4,144,Недавние клиенты
316,144,52,78199.2,3,1,1,311,Лояльные клиенты
317,153,41,68394.62,4,2,2,422,Нужно вовлекать
318,116,43,81989.44,1,2,1,121,Недавние клиенты
319,149,31,48496.14,4,4,3,443,Нужно вовлекать
320,147,40,59804.51,3,2,2,322,Нужно вовлекать
321,142,55,101741.4,3,1,1,311,Лояльные клиенты
322,136,44,62811.61,2,2,2,222,Нужно вовлекать
323,140,36,62805.909999999996,3,3,2,332,Нужно вовлекать
324,144,38,58874.02,3,3,3,333,Нужно вовлекать
325,121,47,76662.51,2,1,1,211,Лояльные клиенты
326,94,31,41206.61,1,4,4,144,Недавние клиенты
327,146,43,82298.55,3,2,1,321,Платящие клиенты
328,84,42,63474.2,1,2,2,122,Недавние клиенты
329,144,27,23427.37,3,4,4,344,Нужно вовлекать
330,119,57,77926.69,2,1,1,211,Лояльные клиенты
331,141,35,44452.93,3,3,4,334,Нужно вовлекать
332,118,16,32540.92,1,4,4,144,Недавние клиенты
333,122,41,50516.22,2,2,3,223,Нужно вовлекать
334,142,29,36101.57,3,4,4,344,Нужно вовлекать
335,100,21,25047.63,1,4,4,144,Недавние клиенты
336,125,31,51031.28,2,4,3,243,Нужно вовлекать
337,139,26,36580.48,3,4,4,344,Нужно вовлекать
338,136,60,86689.51,2,1,1,211,Лояльные клиенты
339,129,18,22897.96,2,4,4,244,Нужно вовлекать
340,58,11,14352.02,1,4,4,144,Недавние клиенты
341,151,41,62803.18,4,2,2,422,Нужно вовлекать
342,142,44,54684.46,3,2,3,323,Нужно вовлекать
343,143,39,53790.56,3,2,3,323,Нужно вовлекать
344,104,27,35944.44,1,4,4,144,Недавние клиенты
345,112,24,44371.56,1,4,4,144,Недавние клиенты
346,138,48,72658.79000000001,3,1,2,312,Лояльные клиенты
347,154,40,46963.74,4,2,3,423,Нужно вовлекать
348,80,39,61216.74,1,2,2,122,Недавние клиенты
349,141,40,48489.81,3,2,3,323,Нужно вовлекать
350,154,52,73394.96,4,1,1,411,Лояльные клиенты
351,145,31,52313.14,3,4,3,343,Нужно вовлекать
352,88,29,42985.63,1,4,4,144,Недавние клиенты
353,145,60,99661.38,3,1,1,311,Лояльные клиенты
354,82,39,74808.7,1,2,1,121,Недавние клиенты
355,155,29,47052.21,4,4,3,443,Нужно вовлекать
356,136,35,56311.53,2,3,3,233,Нужно вовлекать
357,151,29,44452.7,4,4,4,444,Нужно вовлекать
358,151,33,50920.41,4,3,3,433,Нужно вовлекать
359,153,30,47601.71,4,4,3,443,Нужно вовлекать
360,130,31,40258.87,2,4,4,244,Нужно вовлекать
361,155,26,36504.36,4,4,4,444,Нужно вовлекать
362,147,46,56527.51,3,2,3,323,Нужно вовлекать
363,138,39,61322.44,3,2,2,322,Нужно вовлекать
364,100,31,53785.77,1,4,3,143,Недавние клиенты
365,139,39,72139.02,3,2,2,322,Нужно вовлекать
366,155,32,46660.590000000004,4,3,4,434,Нужно вовлекать
367,81,28,40798.47,1,4,4,144,Недавние клиенты
368,147,37,52751.270000000004,3,3,3,333,Нужно вовлекать
369,149,54,78850.97,4,1,1,411,Лояльные клиенты
370,154,38,57973.25,4,3,3,433,Нужно вовлекать
371,142,27,42093.25,3,4,4,344,Нужно вовлекать
372,120,39,67851.91,2,2,2,222,Нужно вовлекать
373,148,35,54547.4,3,3,3,333,Нужно вовлекать
374,138,38,54365.240000000005,3,3,3,333,Нужно вовлекать
375,152,70,111168.82,4,1,1,411,Лояльные клиенты
376,124,45,63445.52,2,2,2,222,Нужно вовлекать
377,145,65,117202.45999999999,3,1,1,311,Лояльные клиенты
378,102,32,43142.27,1,3,4,134,Недавние клиенты
379,143,43,67275.91,3,2,2,322,Нужно вовлекать
380,137,30,44777.77,2,4,4,244,Нужно вовлекать
381,119,32,59627.67,2,3,2,232,Нужно вовлекать
382,53,23,36754.96,1,4,4,144,Недавние клиенты
383,148,22,35965.08,3,4,4,344,Нужно вовлекать
384,142,49,76560.47,3,1,1,311,Лояльные клиенты
385,134,56,82134.17,2,1,1,211,Лояльные клиенты
386,128,25,29420.81,2,4,4,244,Нужно вовлекать
387,151,42,66417.45,4,2,2,422,Нужно вовлекать
388,126,55,88313.93,2,1,1,211,Лояльные клиенты
389,150,41,60570.47,4,2,2,422,Нужно вовлекать
390,155,41,60291.52,4,2,2,422,Нужно вовлекать
391,151,45,69466.16,4,2,2,422,Нужно вовлекать
392,139,32,45826.36,3,3,4,334,Нужно вовлекать
393,151,19,28726.25,4,4,4,444,Нужно вовлекать
394,124,31,40515.28,2,4,4,244,Нужно вовлекать
395,86,36,44887.58,1,3,4,134,Недавние клиенты
396,154,51,80962.17,4,1,1,411,Лояльные клиенты
397,128,61,94447.88,2,1,1,211,Лояльные клиенты
398,115,30,40242.8,1,4,4,144,Недавние клиенты
399,65,46,57268.43,1,2,3,123,Недавние клиенты
400,102,22,43008.28,1,4,4,144,Недавние клиенты
401,125,49,63791.92,2,1,2,212,Лояльные клиенты
402,111,32,55403.97,1,3,3,133,Недавние клиенты
403,117,48,81224.57,1,1,1,111,Лучшие клиенты
404,123,42,59082.92,2,2,3,223,Нужно вовлекать
405,130,34,57892.49,2,3,3,233,Нужно вовлекать
406,127,42,80592.69,2,2,1,221,Платящие клиенты
407,101,22,30200.45,1,4,4,144,Недавние клиенты
408,136,19,22813.46,2,4,4,244,Нужно вовлекать
409,127,25,34692.21,2,4,4,244,Нужно вовлекать
410,140,33,46746.54,3,3,4,334,Нужно вовлекать
411,125,39,71672.04,2,2,2,222,Нужно вовлекать
412,153,33,51576.15,4,3,3,433,Нужно вовлекать
413,97,34,47981.9,1,3,3,133,Недавние клиенты
414,150,35,59295.82,4,3,2,432,Нужно вовлекать
415,135,44,64295.51,2,2,2,222,Нужно вовлекать
416,124,25,35270.590000000004,2,4,4,244,Нужно вовлекать
417,152,50,63973.15,4,1,2,412,Лояльные клиенты
418,91,56,96373.18,1,1,1,111,Лучшие клиенты
419,151,36,65391.72,4,3,2,432,Нужно вовлекать
420,141,43,66407.9,3,2,2,322,Нужно вовлекать
421,150,34,48335.5,4,3,3,433,Нужно вовлекать
422,145,32,50686.87,3,3,3,333,Нужно вовлекать
423,149,37,56497.35,4,3,3,433,Нужно вовлекать
424,119,27,36651.62,2,4,4,244,Нужно вовлекать
425,123,27,32945.13,2,4,4,244,Нужно вовлекать
426,153,55,87043.06999999999,4,1,1,411,Лояльные клиенты
427,129,41,54774.29,2,2,3,223,Нужно вовлекать
428,126,39,55973.270000000004,2,2,3,223,Нужно вовлекать
429,151,45,63887.59,4,2,2,422,Нужно вовлекать
430,153,54,73927.16,4,1,1,411,Лояльные клиенты
431,143,46,70345.86,3,2,2,322,Нужно вовлекать
432,111,26,50663.19,1,4,3,143,Недавние клиенты
433,122,42,65946.4,2,2,2,222,Нужно вовлекать
434,106,25,42255.96,1,4,4,144,Недавние клиенты
435,130,48,90905.4,2,1,1,211,Лояльные клиенты
436,127,65,89624.37,2,1,1,211,Лояльные клиенты
437,147,29,46241.67,3,4,4,344,Нужно вовлекать
438,114,41,69246.77,1,2,2,122,Недавние клиенты
439,101,38,47515.29,1,3,3,133,Недавние клиенты
440,113,40,57171.81,1,2,3,123,Недавние клиенты
441,69,22,39034.51,1,4,4,144,Недавние клиенты
442,127,39,63703.49,2,2,2,222,Нужно вовлекать
443,132,58,100655.83,2,1,1,211,Лояльные клиенты
444,77,49,80200.55,1,1,1,111,Лучшие клиенты
445,79,30,37539.17,1,4,4,144,Недавние клиенты
446,142,40,60088.04,3,2,2,322,Нужно вовлекать
447,138,36,50008.83,3,3,3,333,Нужно вовлекать
448,46,45,64975.03,1,2,2,122,Недавние клиенты
449,150,30,52484.31,4,4,3,443,Нужно вовлекать
450,136,37,53806.25,2,3,3,233,Нужно вовлекать
451,113,22,36532.39,1,4,4,144,Недавние клиенты
452,155,42,58558.05,4,2,3,423,Нужно вовлекать
453,129,27,45539.05,2,4,4,244,Нужно вовлекать
454,152,53,84819.24,4,1,1,411,Лояльные клиенты
455,152,51,88679.46,4,1,1,411,Лояльные клиенты
456,153,31,46034.2,4,4,4,444,Нужно вовлекать
457,142,48,74583.54,3,1,1,311,Лояльные клиенты
458,152,35,53237.03,4,3,3,433,Нужно вовлекать
459,3,27,48896.93,1,4,3,143,Недавние клиенты
460,145,57,92441.1,3,1,1,311,Лояльные клиенты
461,104,27,44574.42,1,4,4,144,Недавние клиенты
462,153,50,72311.66,4,1,2,412,Лояльные клиенты
463,108,34,57062.92,1,3,3,133,Недавние клиенты
464,142,49,82010.02,3,1,1,311,Лояльные клиенты
465,147,44,68136.32,3,2,2,322,Нужно вовлекать
466,93,39,56944.09,1,2,3,123,Недавние клиенты
467,144,36,51002.25,3,3,3,333,Нужно вовлекать
468,139,43,66956.16,3,2,2,322,Нужно вовлекать
469,140,44,65194.22,3,2,2,322,Нужно вовлекать
470,142,26,40842.33,3,4,4,344,Нужно вовлекать
471,128,51,76781.64,2,1,1,211,Лояльные клиенты
472,146,44,70696.86,3,2,2,322,Нужно вовлекать
473,100,26,45318.97,1,4,4,144,Недавние клиенты
474,84,37,62416.39,1,3,2,132,Недавние клиенты
475,120,50,91646.02,2,1,1,211,Лояльные клиенты
476,120,31,46445.93,2,4,4,244,Нужно вовлекать
477,89,21,37026.840000000004,1,4,4,144,Недавние клиенты
478,151,42,50304.64,4,2,3,423,Нужно вовлекать
479,138,40,67616.45,3,2,2,322,Нужно вовлекать
480,154,52,72103.59,4,1,2,412,Лояльные клиенты
481,128,34,46999.64,2,3,3,233,Нужно вовлекать
482,141,34,46556.64,3,3,4,334,Нужно вовлекать
483,151,36,53566.74,4,3,3,433,Нужно вовлекать
484,117,41,64227.35,1,2,2,122,Недавние клиенты
485,87,32,52235.53,1,3,3,133,Недавние клиенты
486,145,41,74787.8,3,2,1,321,Платящие клиенты
487,81,33,44584.39,1,3,4,134,Недавние клиенты
488,132,49,67260.34,2,1,2,212,Лояльные клиенты
489,92,51,92659.5,1,1,1,111,Лучшие клиенты
490,41,31,54252.14,1,4,3,143,Недавние клиенты
491,57,19,39195.67,1,4,4,144,Недавние клиенты
492,141,62,95618.87,3,1,1,311,Лояльные клиенты
493,146,37,64265.08,3,3,2,332,Нужно вовлекать
494,138,40,52719.05,3,2,3,323,Нужно вовлекать
495,148,23,32389.41,3,4,4,344,Нужно вовлекать
496,125,41,63734.4,2,2,2,222,Нужно вовлекать
497,107,43,70724.46,1,2,2,122,Недавние клиенты
498,122,31,52442.13,2,4,3,243,Нужно вовлекать
499,138,63,96892.39,3,1,1,311,Лояльные клиенты
500,143,46,78643.4,3,2,1,321,Платящие клиенты
501,138,18,32298.12,3,4,4,344,Нужно вовлекать
502,130,60,85865.86,2,1,1,211,Лояльные клиенты
503,155,37,52026.11,4,3,3,433,Нужно вовлекать
504,156,32,47895.13,4,3,3,433,Нужно вовлекать
505,132,46,70832.97,2,2,2,222,Нужно вовлекать
506,128,42,52396.77,2,2,3,223,Нужно вовлекать
507,146,33,52056.05,3,3,3,333,Нужно вовлекать
508,137,48,75671.35,2,1,1,211,Лояльные клиенты
509,132,47,67751.03,2,1,2,212,Лояльные клиенты
510,136,51,76891.81,2,1,1,211,Лояльные клиенты
511,47,18,27657.97,1,4,4,144,Недавние клиенты
512,132,46,69368.97,2,2,2,222,Нужно вовлекать
513,153,30,52999.71,4,4,3,443,Нужно вовлекать
514,108,30,48663.92,1,4,3,143,Недавние клиенты
515,144,32,42662.75,3,3,4,334,Нужно вовлекать
516,146,53,74226.56999999999,3,1,1,311,Лояльные клиенты
517,130,45,73673.15,2,2,1,221,Платящие клиенты
518,156,43,80717.28,4,2,1,421,Платящие клиенты
519,142,46,65988.25,3,2,2,322,Нужно вовлекать
520,116,36,65221.04,1,3,2,132,Недавние клиенты
521,146,53,79475.72,3,1,1,311,Лояльные клиенты
522,77,29,42717.06,1,4,4,144,Недавние клиенты
523,139,63,98053.78,3,1,1,311,Лояльные клиенты
524,88,47,74566.49,1,1,1,111,Лучшие клиенты
525,110,46,62325.06,1,2,2,122,Недавние клиенты
526,86,22,26630.34,1,4,4,144,Недавние клиенты
527,84,16,19257.83,1,4,4,144,Недавние клиенты
528,128,31,47184.53,2,4,3,243,Нужно вовлекать
529,153,38,61310.3,4,3,2,432,Нужно вовлекать
530,47,27,45263.94,1,4,4,144,Недавние клиенты
531,113,19,29268.62,1,4,4,144,Недавние клиенты
532,102,32,48737.04,1,3,3,133,Недавние клиенты
533,154,29,39175.32,4,4,4,444,Нужно вовлекать
534,124,36,52735.55,2,3,3,233,Нужно вовлекать
535,152,48,76810.04,4,1,1,411,Лояльные клиенты
536,145,41,56926.92,3,2,3,323,Нужно вовлекать
537,142,24,37991.94,3,4,4,344,Нужно вовлекать
538,131,32,53401.04,2,3,3,233,Нужно вовлекать
539,154,41,83968.75,4,2,1,421,Платящие клиенты
540,150,45,64539.51,4,2,2,422,Нужно вовлекать
541,128,66,95723.13,2,1,1,211,Лояльные клиенты
542,153,26,38392.83,4,4,4,444,Нужно вовлекать
543,130,50,71634.09,2,1,2,212,Лояльные клиенты
544,155,42,73235.92,4,2,1,421,Платящие клиенты
545,135,24,49969.17,2,4,3,243,Нужно вовлекать
546,142,60,81435.47,3,1,1,311,Лояльные клиенты
547,134,33,56214.53,2,3,3,233,Нужно вовлекать
548,149,28,38033.39,4,4,4,444,Нужно вовлекать
549,125,23,34580.08,2,4,4,244,Нужно вовлекать
550,123,54,82532.68,2,1,1,211,Лояльные клиенты
551,94,30,40740.28,1,4,4,144,Недавние клиенты
552,155,43,76232.90000000001,4,2,1,421,Платящие клиенты
553,155,37,52523.95,4,3,3,433,Нужно вовлекать
554,148,55,85082.9,3,1,1,311,Лояльные клиенты
555,145,71,105534.81,3,1,1,311,Лояльные клиенты
556,138,34,48843.43,3,3,3,333,Нужно вовлекать
557,145,23,33590.79,3,4,4,344,Нужно вовлекать
558,139,49,97421.17,3,1,1,311,Лояльные клиенты
559,108,44,59133.11,1,2,2,122,Недавние клиенты
560,142,42,74354.93,3,2,1,321,Платящие клиенты
561,143,74,112012.08,3,1,1,311,Лояльные клиенты
562,123,46,72726.6,2,2,2,222,Нужно вовлекать
563,124,21,32740.06,2,4,4,244,Нужно вовлекать
564,117,36,61284.51,1,3,2,132,Недавние клиенты
565,147,54,78205.99,3,1,1,311,Лояльные клиенты
566,152,48,78292.24,4,1,1,411,Лояльные клиенты
567,137,51,78368.38,2,1,1,211,Лояльные клиенты
568,133,25,32931.76,2,4,4,244,Нужно вовлекать
569,139,24,32249.89,3,4,4,344,Нужно вовлекать
570,82,40,55174.4,1,2,3,123,Недавние клиенты
571,155,35,62510.31,4,3,2,432,Нужно вовлекать
572,115,42,75204.51,1,2,1,121,Недавние клиенты
573,155,75,104530.99,4,1,1,411,Лояльные клиенты
574,133,53,93699.4,2,1,1,211,Лояльные клиенты
575,146,46,84136.27,3,2,1,321,Платящие клиенты
576,132,49,85497.5,2,1,1,211,Лояльные клиенты
577,139,32,61920.86,3,3,2,332,Нужно вовлекать
578,128,36,55042.42,2,3,3,233,Нужно вовлекать
579,138,42,57710.1,3,2,3,323,Нужно вовлекать
580,154,48,73131.59,4,1,2,412,Лояльные клиенты
581,136,42,66349.33,2,2,2,222,Нужно вовлекать
582,137,30,56792.23,2,4,3,243,Нужно вовлекать
583,142,47,69651.45,3,1,2,312,Лояльные клиенты
584,124,32,44653.05,2,3,4,234,Нужно вовлекать
585,156,19,23110.99,4,4,4,444,Нужно вовлекать
586,152,42,59383.55,4,2,2,422,Нужно вовлекать
587,121,54,88404.33,2,1,1,211,Лояльные клиенты
588,148,32,39514.65,3,3,4,334,Нужно вовлекать
589,150,29,45861.48,4,4,4,444,Нужно вовлекать
590,126,35,55955.57,2,3,3,233,Нужно вовлекать
591,138,40,59645.630000000005,3,2,2,322,Нужно вовлекать
592,40,32,53508.39,1,3,3,133,Недавние клиенты
593,114,43,57298.19,1,2,3,123,Недавние клиенты
594,128,28,43625.71,2,4,4,244,Нужно вовлекать
595,91,34,52307.56,1,3,3,133,Недавние клиенты
596,113,23,33541.97,1,4,4,144,Недавние клиенты
597,107,43,60544.3,1,2,2,122,Недавние клиенты
598,118,36,45838.94,1,3,4,134,Недавние клиенты
599,104,29,38712.69,1,4,4,144,Недавние клиенты
600,151,23,36091.96,4,4,4,444,Нужно вовлекать
601,88,28,32839.55,1,4,4,144,Недавние клиенты
602,116,32,45372.03,1,3,4,134,Недавние клиенты
603,125,48,76592.94,2,1,1,211,Лояльные клиенты
604,147,32,46480.2,3,3,4,334,Нужно вовлекать
605,132,39,72820.66,2,2,2,222,Нужно вовлекать
606,130,35,57081.01,2,3,3,233,Нужно вовлекать
607,85,36,61589.78,1,3,2,132,Недавние клиенты
608,132,31,46483.13,2,4,4,244,Нужно вовлекать
609,138,39,58131.86,3,2,3,323,Нужно вовлекать
610,143,34,57520.4,3,3,3,333,Нужно вовлекать
611,125,32,53817.33,2,3,3,233,Нужно вовлекать
612,125,58,89867.17,2,1,1,211,Лояльные клиенты
613,140,48,61719.11,3,1,2,312,Лояльные клиенты
614,153,28,43427.96,4,4,4,444,Нужно вовлекать
615,153,61,89965.23,4,1,1,411,Лояльные клиенты
616,143,33,52437.17,3,3,3,333,Нужно вовлекать
617,135,43,69174.82,2,2,2,222,Нужно вовлекать
618,142,41,70983.81,3,2,2,322,Нужно вовлекать
619,147,38,59865.78,3,3,2,332,Нужно вовлекать
620,155,49,82333.59,4,1,1,411,Лояльные клиенты
621,139,33,53554.3,3,3,3,333,Нужно вовлекать
622,146,24,34410.86,3,4,4,344,Нужно вовлекать
623,123,36,49819.47,2,3,3,233,Нужно вовлекать
624,144,50,72935.01,3,1,2,312,Лояльные клиенты
625,134,27,42385.41,2,4,4,244,Нужно вовлекать
626,118,33,51461.01,1,3,3,133,Недавние клиенты
627,152,54,75151.14,4,1,1,411,Лояльные клиенты
628,112,49,73904.24,1,1,1,111,Лучшие клиенты
629,124,47,87058.18000000001,2,1,1,211,Лояльные клиенты
630,126,50,81676.56999999999,2,1,1,211,Лояльные клиенты
631,90,22,35196.0,1,4,4,144,Недавние клиенты
632,130,35,62202.33,2,3,2,232,Нужно вовлекать
633,145,57,93924.7,3,1,1,311,Лояльные клиенты
634,63,23,29209.11,1,4,4,144,Недавние клиенты
635,134,51,76409.9,2,1,1,211,Лояльные клиенты
636,147,49,84170.11,3,1,1,311,Лояльные клиенты
637,139,48,72303.4,3,1,2,312,Лояльные клиенты
638,136,34,52581.04,2,3,3,233,Нужно вовлекать
639,127,44,55851.68,2,2,3,223,Нужно вовлекать
640,117,31,43933.8,1,4,4,144,Недавние клиенты
641,109,34,39097.6,1,3,4,134,Недавние клиенты
642,153,50,73095.19,4,1,2,412,Лояльные клиенты
643,146,39,59816.479999999996,3,2,2,322,Нужно вовлекать
644,147,49,72880.11,3,1,2,312,Лояльные клиенты
645,129,44,73682.17,2,2,1,221,Платящие клиенты
646,113,43,63053.97,1,2,2,122,Недавние клиенты
647,152,43,74152.4,4,2,1,421,Платящие клиенты
648,80,45,69524.15,1,2,2,122,Недавние клиенты
649,127,35,52174.69,2,3,3,233,Нужно вовлекать
650,133,21,36101.44,2,4,4,244,Нужно вовлекать
651,103,45,65288.18,1,2,2,122,Недавние клиенты
652,99,9,12332.82,1,4,4,144,Недавние клиенты
653,148,46,63920.31,3,2,2,322,Нужно вовлекать
654,148,48,88018.15,3,1,1,311,Лояльные клиенты
655,151,62,100836.18000000001,4,1,1,411,Лояльные клиенты
656,152,61,96091.9,4,1,1,411,Лояльные клиенты
657,144,17,29064.69,3,4,4,344,Нужно вовлекать
658,146,34,50709.590000000004,3,3,3,333,Нужно вовлекать
659,146,44,62000.82,3,2,2,322,Нужно вовлекать
660,21,17,23470.260000000002,1,4,4,144,Недавние клиенты
661,151,40,58844.24,4,2,3,423,Нужно вовлекать
662,42,42,73122.93,1,2,2,122,Недавние клиенты
663,147,17,23270.23,3,4,4,344,Нужно вовлекать
664,94,43,81485.56,1,2,1,121,Недавние клиенты
665,132,48,85246.37,2,1,1,211,Лояльные клиенты
666,136,41,48950.3,2,2,3,223,Нужно вовлекать
667,117,31,48798.05,1,4,3,143,Недавние клиенты
668,147,44,53733.89,3,2,3,323,Нужно вовлекать
669,150,36,47183.64,4,3,3,433,Нужно вовлекать
670,139,45,82747.3,3,2,1,321,Платящие клиенты
671,147,30,43279.53,3,4,4,344,Нужно вовлекать
672,123,51,78466.81999999999,2,1,1,211,Лояльные клиенты
673,105,11,11120.83,1,4,4,144,Недавние клиенты
674,134,44,68143.45,2,2,2,222,Нужно вовлекать
675,152,39,63730.81,4,2,2,422,Нужно вовлекать
676,135,42,73965.22,2,2,1,221,Платящие клиенты
677,138,39,63705.54,3,2,2,322,Нужно вовлекать
678,135,19,22164.68,2,4,4,244,Нужно вовлекать
679,125,33,40002.29,2,3,4,234,Нужно вовлекать
680,120,50,79071.98,2,1,1,211,Лояльные клиенты
681,115,30,41425.43,1,4,4,144,Недавние клиенты
682,117,35,54699.05,1,3,3,133,Недавние клиенты
683,75,36,64080.57,1,3,2,132,Недавние клиенты
684,126,46,62246.09,2,2,2,222,Нужно вовлекать
685,142,36,61016.37,3,3,2,332,Нужно вовлекать
686,148,40,69380.9,3,2,2,322,Нужно вовлекать
687,156,31,55570.93,4,4,3,443,Нужно вовлекать
688,111,39,61472.51,1,2,2,122,Недавние клиенты
689,137,36,69138.15,2,3,2,232,Нужно вовлекать
690,43,22,26095.45,1,4,4,144,Недавние клиенты
691,92,26,49816.78,1,4,3,143,Недавние клиенты
692,151,18,32444.3,4,4,4,444,Нужно вовлекать
693,137,46,68834.2,2,2,2,222,Нужно вовлекать
694,153,46,77325.5,4,2,1,421,Платящие клиенты
695,76,29,44808.64,1,4,4,144,Недавние клиенты
696,114,27,44673.08,1,4,4,144,Недавние клиенты
697,155,37,56364.63,4,3,3,433,Нужно вовлекать
698,138,52,84640.76,3,1,1,311,Лояльные клиенты
699,154,49,73327.25,4,1,1,411,Лояльные клиенты
700,120,38,48772.33,2,3,3,233,Нужно вовлекать
701,151,64,103639.27,4,1,1,411,Лояльные клиенты
702,151,35,50803.35,4,3,3,433,Нужно вовлекать
703,111,35,52864.31,1,3,3,133,Недавние клиенты
704,97,43,65902.92,1,2,2,122,Недавние клиенты
705,142,35,60341.85,3,3,2,332,Нужно вовлекать
706,145,37,56275.24,3,3,3,333,Нужно вовлекать
707,33,34,61064.07,1,3,2,132,Недавние клиенты
708,150,33,40623.17,4,3,4,434,Нужно вовлекать
709,150,33,53708.57,4,3,3,433,Нужно вовлекать
710,137,38,61973.86,2,3,2,232,Нужно вовлекать
711,137,57,90866.6,2,1,1,211,Лояльные клиенты
712,100,24,43573.729999999996,1,4,4,144,Недавние клиенты
713,139,44,56837.22,3,2,3,323,Нужно вовлекать
714,114,24,44303.23,1,4,4,144,Недавние клиенты
715,117,34,57382.35,1,3,3,133,Недавние клиенты
716,131,50,80358.51,2,1,1,211,Лояльные клиенты
717,149,62,101757.82,4,1,1,411,Лояльные клиенты
718,144,31,59162.83,3,4,2,342,Нужно вовлекать
719,153,52,86832.13,4,1,1,411,Лояльные клиенты
720,128,26,39955.21,2,4,4,244,Нужно вовлекать
721,66,34,49945.15,1,3,3,133,Недавние клиенты
722,126,34,43008.51,2,3,4,234,Нужно вовлекать
723,154,45,72703.94,4,2,2,422,Нужно вовлекать
724,133,55,83917.35,2,1,1,211,Лояльные клиенты
725,147,57,69837.67,3,1,2,312,Лояльные клиенты
726,92,39,54419.46,1,2,3,123,Недавние клиенты
727,78,35,58848.62,1,3,3,133,Недавние клиенты
728,136,31,34747.85,2,4,4,244,Нужно вовлекать
729,113,50,77286.12,1,1,1,111,Лучшие клиенты
730,151,50,68243.93,4,1,2,412,Лояльные клиенты
731,150,26,48423.840000000004,4,4,3,443,Нужно вовлекать
732,110,35,59972.15,1,3,2,132,Недавние клиенты
733,100,24,28406.56,1,4,4,144,Недавние клиенты
734,53,26,41461.69,1,4,4,144,Недавние клиенты
735,147,41,79278.52,3,2,1,321,Платящие клиенты
736,149,36,56846.92,4,3,3,433,Нужно вовлекать
737,135,50,82503.41,2,1,1,211,Лояльные клиенты
738,73,35,43650.0,1,3,4,134,Недавние клиенты
739,70,20,34731.23,1,4,4,144,Недавние клиенты
740,140,40,59494.6,3,2,2,322,Нужно вовлекать
741,154,57,77933.37,4,1,1,411,Лояльные клиенты
742,143,34,52783.04,3,3,3,333,Нужно вовлекать
743,134,36,53624.98,2,3,3,233,Нужно вовлекать
744,133,22,26385.9,2,4,4,244,Нужно вовлекать
745,120,49,78620.15,2,1,1,211,Лояльные клиенты
746,89,42,66801.20999999999,1,2,2,122,Недавние клиенты
747,153,43,67625.5,4,2,2,422,Нужно вовлекать
748,150,31,49165.19,4,4,3,443,Нужно вовлекать
749,149,28,50247.52,4,4,3,443,Нужно вовлекать
750,141,60,97873.46,3,1,1,311,Лояльные клиенты
751,152,48,64917.03,4,1,2,412,Лояльные клиенты
752,134,46,71913.51,2,2,2,222,Нужно вовлекать
753,56,38,65804.11,1,3,2,132,Недавние клиенты
754,127,32,48921.97,2,3,3,233,Нужно вовлекать
755,155,44,66871.69,4,2,2,422,Нужно вовлекать
756,114,58,91229.64,1,1,1,111,Лучшие клиенты
757,143,32,46598.81,3,3,4,334,Нужно вовлекать
758,152,39,53375.84,4,2,3,423,Нужно вовлекать
759,144,37,47172.29,3,3,3,333,Нужно вовлекать
760,146,47,65989.93,3,1,2,312,Лояльные клиенты
761,153,58,80584.26,4,1,1,411,Лояльные клиенты
762,138,31,51341.43,3,4,3,343,Нужно вовлекать
763,143,51,80087.7,3,1,1,311,Лояльные клиенты
764,146,51,90185.36,3,1,1,311,Лояльные клиенты
765,139,52,88543.16,3,1,1,311,Лояльные клиенты
766,119,61,83076.97,2,1,1,211,Лояльные клиенты
767,154,36,62728.0,4,3,2,432,Нужно вовлекать
768,156,48,68012.01,4,1,2,412,Лояльные клиенты
769,131,49,73563.38,2,1,1,211,Лояльные клиенты
770,156,46,65712.33,4,2,2,422,Нужно вовлекать
771,128,32,56765.49,2,3,3,233,Нужно вовлекать
772,149,64,113160.9,4,1,1,411,Лояльные клиенты
773,117,24,31187.0,1,4,4,144,Недавние клиенты
774,148,46,79995.36,3,2,1,321,Платящие клиенты
775,152,37,59105.81,4,3,2,432,Нужно вовлекать
776,122,47,72316.78,2,1,2,212,Лояльные клиенты
777,140,29,53379.68,3,4,3,343,Нужно вовлекать
778,152,59,98421.11,4,1,1,411,Лояльные клиенты
779,105,24,36725.71,1,4,4,144,Недавние клиенты
780,125,40,59662.02,2,2,2,222,Нужно вовлекать
781,123,23,39517.49,2,4,4,244,Нужно вовлекать
782,147,44,73274.72,3,2,1,321,Платящие клиенты
783,144,59,100804.63,3,1,1,311,Лояльные клиенты
784,152,32,49849.52,4,3,3,433,Нужно вовлекать
785,156,34,65712.92,4,3,2,432,Нужно вовлекать
786,72,20,40676.78,1,4,4,144,Недавние клиенты
787,130,40,66837.05,2,2,2,222,Нужно вовлекать
788,123,38,69704.24,2,3,2,232,Нужно вовлекать
789,133,45,87067.5,2,2,1,221,Платящие клиенты
790,136,43,76613.11,2,2,1,221,Платящие клиенты
791,155,50,88688.38,4,1,1,411,Лояльные клиенты
792,144,50,87664.44,3,1,1,311,Лояльные клиенты
793,142,32,52242.72,3,3,3,333,Нужно вовлекать
794,117,28,54070.81,1,4,3,143,Недавние клиенты
795,146,39,50676.1,3,2,3,323,Нужно вовлекать
796,153,34,67600.69,4,3,2,432,Нужно вовлекать
797,151,33,46901.87,4,3,4,434,Нужно вовлекать
798,55,22,29081.63,1,4,4,144,Недавние клиенты
799,140,32,51638.36,3,3,3,333,Нужно вовлекать
800,119,21,39599.65,2,4,4,244,Нужно вовлекать
801,150,25,36910.5,4,4,4,444,Нужно вовлекать
802,60,24,35897.26,1,4,4,144,Недавние клиенты
803,129,26,38097.95,2,4,4,244,Нужно вовлекать
804,111,36,58446.909999999996,1,3,3,133,Недавние клиенты
805,147,28,42427.66,3,4,4,344,Нужно вовлекать
806,156,54,76407.81999999999,4,1,1,411,Лояльные клиенты
807,148,40,59060.55,3,2,3,323,Нужно вовлекать
808,124,39,68030.99,2,2,2,222,Нужно вовлекать
809,148,62,97548.23,3,1,1,311,Лояльные клиенты
810,116,40,53841.37,1,2,3,123,Недавние клиенты
811,144,18,19038.66,3,4,4,344,Нужно вовлекать
812,116,36,59747.85,1,3,2,132,Недавние клиенты
813,122,37,73600.54000000001,2,3,1,231,Платящие клиенты
814,149,40,63965.02,4,2,2,422,Нужно вовлекать
815,144,37,63061.97,3,3,2,332,Нужно вовлекать
816,87,41,62816.67,1,2,2,122,Недавние клиенты
817,143,48,76667.92,3,1,1,311,Лояльные клиенты
818,156,23,29173.47,4,4,4,444,Нужно вовлекать
819,140,46,87854.56,3,2,1,321,Платящие клиенты
820,154,66,95138.62,4,1,1,411,Лояльные клиенты
821,140,40,75572.44,3,2,1,321,Платящие клиенты
822,90,36,48367.44,1,3,3,133,Недавние клиенты
823,137,24,44434.9,2,4,4,244,Нужно вовлекать
824,152,38,57173.33,4,3,3,433,Нужно вовлекать
825,154,21,46800.22,4,4,4,444,Нужно вовлекать
826,155,42,65627.39,4,2,2,422,Нужно вовлекать
827,141,27,36341.67,3,4,4,344,Нужно вовлекать
828,156,50,63895.63,4,1,2,412,Лояльные клиенты
829,121,30,46325.83,2,4,4,244,Нужно вовлекать
830,131,46,73889.43000000001,2,2,1,221,Платящие клиенты
831,130,55,98130.72,2,1,1,211,Лояльные клиенты
832,152,27,40535.31,4,4,4,444,Нужно вовлекать
833,153,53,76964.53,4,1,1,411,Лояльные клиенты
834,130,39,58027.07,2,2,3,223,Нужно вовлекать
835,145,35,57919.36,3,3,3,333,Нужно вовлекать
836,123,30,44342.06,2,4,4,244,Нужно вовлекать
837,136,41,66349.06,2,2,2,222,Нужно вовлекать
838,124,30,55732.24,2,4,3,243,Нужно вовлекать
839,125,37,57600.3,2,3,3,233,Нужно вовлекать
840,146,36,65669.61,3,3,2,332,Нужно вовлекать
841,155,31,43527.25,4,4,4,444,Нужно вовлекать
842,154,39,66633.57,4,2,2,422,Нужно вовлекать
843,141,35,58802.2,3,3,3,333,Нужно вовлекать
844,137,19,24921.92,2,4,4,244,Нужно вовлекать
845,153,34,53278.47,4,3,3,433,Нужно вовлекать
846,137,32,54063.83,2,3,3,233,Нужно вовлекать
847,154,45,68816.96,4,2,2,422,Нужно вовлекать
848,98,46,85443.72,1,2,1,121,Недавние клиенты
849,100,22,32395.96,1,4,4,144,Недавние клиенты
850,141,27,45752.14,3,4,4,344,Нужно вовлекать
851,112,43,69159.34,1,2,2,122,Недавние клиенты
852,85,28,47473.39,1,4,3,143,Недавние клиенты
853,133,35,56719.89,2,3,3,233,Нужно вовлекать
854,128,34,51032.25,2,3,3,233,Нужно вовлекать
855,106,42,60014.95,1,2,2,122,Недавние клиенты
856,48,26,43434.92,1,4,4,144,Недавние клиенты
857,144,29,50058.9,3,4,3,343,Нужно вовлекать
858,103,54,81545.65,1,1,1,111,Лучшие клиенты
859,154,28,44701.24,4,4,4,444,Нужно вовлекать
860,107,46,73484.38,1,2,1,121,Недавние клиенты
861,155,70,122873.98,4,1,1,411,Лояльные клиенты
862,151,36,52187.04,4,3,3,433,Нужно вовлекать
863,142,51,76507.54,3,1,1,311,Лояльные клиенты
864,146,34,53305.49,3,3,3,333,Нужно вовлекать
865,89,46,72769.21,1,2,2,122,Недавние клиенты
866,115,39,56194.5,1,2,3,123,Недавние клиенты
867,150,32,39549.74,4,3,4,434,Нужно вовлекать
868,150,53,106991.86,4,1,1,411,Лояльные клиенты
869,122,50,89057.98,2,1,1,211,Лояльные клиенты
870,156,39,53094.96,4,2,3,423,Нужно вовлекать
871,105,30,52035.2,1,4,3,143,Недавние клиенты
872,136,48,79207.81,2,1,1,211,Лояльные клиенты
873,148,48,72814.63,3,1,2,312,Лояльные клиенты
874,156,40,63900.46,4,2,2,422,Нужно вовлекать
875,117,44,74305.71,1,2,1,121,Недавние клиенты
876,116,31,58899.41,1,4,3,143,Недавние клиенты
877,148,58,89167.32,3,1,1,311,Лояльные клиенты
878,104,37,53013.01,1,3,3,133,Недавние клиенты
879,127,31,44449.87,2,4,4,244,Нужно вовлекать
880,155,57,89001.73,4,1,1,411,Лояльные клиенты
881,155,43,75695.13,4,2,1,421,Платящие клиенты
882,89,29,42058.68,1,4,4,144,Недавние клиенты
883,154,37,62217.810000000005,4,3,2,432,Нужно вовлекать
884,126,36,67695.27,2,3,2,232,Нужно вовлекать
885,144,44,67064.18,3,2,2,322,Нужно вовлекать
886,133,43,64903.91,2,2,2,222,Нужно вовлекать
887,132,38,50064.65,2,3,3,233,Нужно вовлекать
888,151,48,73608.5,4,1,1,411,Лояльные клиенты
889,120,38,53352.08,2,3,3,233,Нужно вовлекать
890,109,38,58142.78,1,3,3,133,Недавние клиенты
891,108,45,81057.75,1,2,1,121,Недавние клиенты
892,134,39,64452.96,2,2,2,222,Нужно вовлекать
893,138,34,45904.68,3,3,4,334,Нужно вовлекать
894,146,42,65100.7,3,2,2,322,Нужно вовлекать
895,131,27,41051.340000000004,2,4,4,244,Нужно вовлекать
896,112,26,39206.48,1,4,4,144,Недавние клиенты
897,87,31,42474.93,1,4,4,144,Недавние клиенты
898,138,53,72696.36,3,1,2,312,Лояльные клиенты
899,151,56,91748.97,4,1,1,411,Лояльные клиенты
900,129,36,56444.09,2,3,3,233,Нужно вовлекать
901,137,33,52363.6,2,3,3,233,Нужно вовлекать
902,116,45,74001.45,1,2,1,121,Недавние клиенты
903,147,29,44312.63,3,4,4,344,Нужно вовлекать
904,87,49,82270.09,1,1,1,111,Лучшие клиенты
905,155,41,56949.42,4,2,3,423,Нужно вовлекать
906,89,35,64137.89,1,3,2,132,Недавние клиенты
907,151,53,81708.19,4,1,1,411,Лояльные клиенты
908,140,34,51227.59,3,3,3,333,Нужно вовлекать
909,128,47,69721.4,2,1,2,212,Лояльные клиенты
910,154,33,43465.7,4,3,4,434,Нужно вовлекать
911,152,33,54921.64,4,3,3,433,Нужно вовлекать
912,149,54,93483.05,4,1,1,411,Лояльные клиенты
913,95,29,48788.79,1,4,3,143,Недавние клиенты
914,95,32,55164.61,1,3,3,133,Недавние клиенты
915,151,30,38169.24,4,4,4,444,Нужно вовлекать
916,151,48,87094.45,4,1,1,411,Лояльные клиенты
917,117,43,69793.72,1,2,2,122,Недавние клиенты
918,149,57,87585.99,4,1,1,411,Лояльные клиенты
919,94,46,67877.64,1,2,2,122,Недавние клиенты
920,62,23,38923.74,1,4,4,144,Недавние клиенты
921,128,29,46874.04,2,4,4,244,Нужно вовлекать
922,126,21,34513.55,2,4,4,244,Нужно вовлекать
923,146,39,67383.94,3,2,2,322,Нужно вовлекать
924,88,32,55379.47,1,3,3,133,Недавние клиенты
925,138,48,75327.45,3,1,1,311,Лояльные клиенты
926,106,42,65112.24,1,2,2,122,Недавние клиенты
927,155,63,122342.4,4,1,1,411,Лояльные клиенты
928,139,44,64721.53,3,2,2,322,Нужно вовлекать
929,128,44,76737.7,2,2,1,221,Платящие клиенты
930,153,52,64548.94,4,1,2,412,Лояльные клиенты
931,121,54,81970.94,2,1,1,211,Лояльные клиенты
932,149,37,49725.95,4,3,3,433,Нужно вовлекать
933,138,49,70605.08,3,1,2,312,Лояльные клиенты
934,75,27,35992.08,1,4,4,144,Недавние клиенты
935,72,42,56901.86,1,2,3,123,Недавние клиенты
936,155,45,64418.03,4,2,2,422,Нужно вовлекать
937,83,20,41336.53,1,4,4,144,Недавние клиенты
938,136,36,52363.15,2,3,3,233,Нужно вовлекать
939,147,60,103728.88,3,1,1,311,Лояльные клиенты
940,58,22,33938.83,1,4,4,144,Недавние клиенты
941,152,34,58524.48,4,3,3,433,Нужно вовлекать
942,100,29,46638.6,1,4,4,144,Недавние клиенты
943,120,36,65573.1,2,3,2,232,Нужно вовлекать
944,106,17,30958.24,1,4,4,144,Недавние клиенты
945,140,29,52009.84,3,4,3,343,Нужно вовлекать
946,98,41,64732.12,1,2,2,122,Недавние клиенты
947,154,28,46271.61,4,4,4,444,Нужно вовлекать
948,142,37,56729.61,3,3,3,333,Нужно вовлекать
949,149,40,63997.72,4,2,2,422,Нужно вовлекать
950,150,40,66462.99,4,2,2,422,Нужно вовлекать
951,128,43,73930.81,2,2,1,221,Платящие клиенты
952,134,47,69911.66,2,1,2,212,Лояльные клиенты
953,155,27,34487.57,4,4,4,444,Нужно вовлекать
954,153,39,65913.93,4,2,2,422,Нужно вовлекать
955,117,29,40319.02,1,4,4,144,Недавние клиенты
956,139,46,65029.01,3,2,2,322,Нужно вовлекать
957,82,46,72738.69,1,2,2,122,Недавние клиенты
958,120,29,50321.4,2,4,3,243,Нужно вовлекать
959,100,62,102280.01,1,1,1,111,Лучшие клиенты
960,90,47,78100.89,1,1,1,111,Лучшие клиенты
961,123,44,84887.01,2,2,1,221,Платящие клиенты
962,149,30,44631.770000000004,4,4,4,444,Нужно вовлекать
963,101,44,67250.59,1,2,2,122,Недавние клиенты
964,154,38,60177.0,4,3,2,432,Нужно вовлекать
965,130,35,57003.59,2,3,3,233,Нужно вовлекать
966,130,25,34281.33,2,4,4,244,Нужно вовлекать
967,138,46,83739.91,3,2,1,321,Платящие клиенты
968,125,35,58741.65,2,3,3,233,Нужно вовлекать
969,115,49,78804.07,1,1,1,111,Лучшие клиенты
970,121,36,53207.55,2,3,3,233,Нужно вовлекать
971,156,56,91431.72,4,1,1,411,Лояльные клиенты
972,151,45,78443.28,4,2,1,421,Платящие клиенты
973,128,41,73646.03,2,2,1,221,Платящие клиенты
974,113,51,83627.19,1,1,1,111,Лучшие клиенты
975,100,37,65615.88,1,3,2,132,Недавние клиенты
976,55,27,44361.7,1,4,4,144,Недавние клиенты
977,137,48,72829.75,2,1,2,212,Лояльные клиенты
978,75,34,58348.88,1,3,3,133,Недавние клиенты
979,149,35,52386.75,4,3,3,433,Нужно вовлекать
980,149,27,39351.36,4,4,4,444,Нужно вовлекать
981,153,26,39135.56,4,4,4,444,Нужно вовлекать
982,120,60,82611.89,2,1,1,211,Лояльные клиенты
983,113,42,67791.34,1,2,2,122,Недавние клиенты
984,156,46,74455.46,4,2,1,421,Платящие клиенты
985,87,32,56406.61,1,3,3,133,Недавние клиенты
986,135,25,31607.46,2,4,4,244,Нужно вовлекать
987,140,49,72726.76,3,1,2,312,Лояльные клиенты
988,146,34,61398.35,3,3,2,332,Нужно вовлекать
989,153,37,62001.35,4,3,2,432,Нужно вовлекать
990,122,33,48908.33,2,3,3,233,Нужно вовлекать
991,154,35,54790.36,4,3,3,433,Нужно вовлекать
992,88,43,61481.68,1,2,2,122,Недавние клиенты
993,155,31,49164.61,4,4,3,443,Нужно вовлекать
994,69,11,21220.0,1,4,4,144,Недавние клиенты
995,144,44,75392.36,3,2,1,321,Платящие клиенты
996,141,45,61181.15,3,2,2,322,Нужно вовлекать
997,141,28,35726.49,3,4,4,344,Нужно вовлекать
998,149,24,40253.27,4,4,4,444,Нужно вовлекать
999,101,33,39397.9,1,3,4,134,Недавние клиенты
1000,123,32,42853.63,2,3,4,234,Нужно вовлекать
1001,140,44,72843.98,3,2,2,322,Нужно вовлекать
1002,140,25,44043.53,3,4,4,344,Нужно вовлекать
1003,99,29,46828.18,1,4,4,144,Недавние клиенты
1004,136,24,42784.94,2,4,4,244,Нужно вовлекать
1005,126,37,52766.18,2,3,3,233,Нужно вовлекать
1006,135,42,60256.62,2,2,2,222,Нужно вовлекать
1007,126,29,46965.6,2,4,3,243,Нужно вовлекать
1008,148,48,66685.19,3,1,2,312,Лояльные клиенты
1009,102,46,77064.68,1,2,1,121,Недавние клиенты
1010,149,39,70651.21,4,2,2,422,Нужно вовлекать
1011,89,44,68877.48,1,2,2,122,Недавние клиенты
1012,137,28,52740.05,2,4,3,243,Нужно вовлекать
1013,67,43,75091.81999999999,1,2,1,121,Недавние клиенты
1014,142,54,79289.65,3,1,1,311,Лояльные клиенты
1015,149,31,52352.86,4,4,3,443,Нужно вовлекать
